frame,scene
frame_0001.webp,Cosmic Beginning
frame_0002.webp,Cosmic Beginning
frame_0003.webp,Cosmic Beginning
frame_0004.webp,Cosmic Beginning
frame_0005.webp,Cosmic Beginning
frame_0006.webp,Cosmic Beginning
frame_0007.webp,Cosmic Beginning
frame_0008.webp,Cosmic Beginning
frame_0009.webp,Cosmic Beginning
frame_0010.webp,Cosmic Beginning
frame_0011.webp,Cosmic Beginning
frame_0012.webp,Cosmic Beginning
frame_0013.webp,Cosmic Beginning
frame_0014.webp,Cosmic Beginning
frame_0015.webp,Cosmic Beginning
frame_0016.webp,Cosmic Beginning
frame_0017.webp,Cosmic Beginning
frame_0018.webp,Cosmic Beginning
frame_0019.webp,Cosmic Beginning
frame_0020.webp,Cosmic Beginning
frame_0021.webp,Universe and Galaxies
frame_0022.webp,Universe and Galaxies
frame_0023.webp,Universe and Galaxies
frame_0024.webp,Universe and Galaxies
frame_0025.webp,Universe and Galaxies
frame_0026.webp,Universe and Galaxies
frame_0027.webp,Universe and Galaxies
frame_0028.webp,Universe and Galaxies
frame_0029.webp,Universe and Galaxies
frame_0030.webp,Universe and Galaxies
frame_0031.webp,Universe and Galaxies
frame_0032.webp,Universe and Galaxies
frame_0033.webp,Universe and Galaxies
frame_0034.webp,Universe and Galaxies
frame_0035.webp,Universe and Galaxies
frame_0036.webp,Universe and Galaxies
frame_0037.webp,Universe and Galaxies
frame_0038.webp,Universe and Galaxies
frame_0039.webp,Universe and Galaxies
frame_0040.webp,Universe and Galaxies
frame_0041.webp,Cosmic Order and Solar System
frame_0042.webp,Cosmic Order and Solar System
frame_0043.webp,Cosmic Order and Solar System
frame_0044.webp,Cosmic Order and Solar System
frame_0045.webp,Cosmic Order and Solar System
frame_0046.webp,Cosmic Order and Solar System
frame_0047.webp,Cosmic Order and Solar System
frame_0048.webp,Cosmic Order and Solar System
frame_0049.webp,Cosmic Order and Solar System
frame_0050.webp,Cosmic Order and Solar System
frame_0051.webp,Cosmic Order and Solar System
frame_0052.webp,Cosmic Order and Solar System
frame_0053.webp,Cosmic Order and Solar System
frame_0054.webp,Cosmic Order and Solar System
frame_0055.webp,Cosmic Order and Solar System
frame_0056.webp,Cosmic Order and Solar System
frame_0057.webp,Cosmic Order and Solar System
frame_0058.webp,Cosmic Order and Solar System
frame_0059.webp,Cosmic Order and Solar System
frame_0060.webp,Cosmic Order and Solar System
frame_0061.webp,Trideva - Brahma Vishnu Mahesh
frame_0062.webp,Trideva - Brahma Vishnu Mahesh
frame_0063.webp,Trideva - Brahma Vishnu Mahesh
frame_0064.webp,Trideva - Brahma Vishnu Mahesh
frame_0065.webp,Trideva - Brahma Vishnu Mahesh
frame_0066.webp,Trideva - Brahma Vishnu Mahesh
frame_0067.webp,Trideva - Brahma Vishnu Mahesh
frame_0068.webp,Trideva - Brahma Vishnu Mahesh
frame_0069.webp,Trideva - Brahma Vishnu Mahesh
frame_0070.webp,Trideva - Brahma Vishnu Mahesh
frame_0071.webp,Trideva - Brahma Vishnu Mahesh
frame_0072.webp,Trideva - Brahma Vishnu Mahesh
frame_0073.webp,Trideva - Brahma Vishnu Mahesh
frame_0074.webp,Trideva - Brahma Vishnu Mahesh
frame_0075.webp,Trideva - Brahma Vishnu Mahesh
frame_0076.webp,Trideva - Brahma Vishnu Mahesh
frame_0077.webp,Trideva - Brahma Vishnu Mahesh
frame_0078.webp,Trideva - Brahma Vishnu Mahesh
frame_0079.webp,Trideva - Brahma Vishnu Mahesh
frame_0080.webp,Trideva - Brahma Vishnu Mahesh
frame_0081.webp,Navagraha - Celestial Forces
frame_0082.webp,Navagraha - Celestial Forces
frame_0083.webp,Navagraha - Celestial Forces
frame_0084.webp,Navagraha - Celestial Forces
frame_0085.webp,Navagraha - Celestial Forces
frame_0086.webp,Navagraha - Celestial Forces
frame_0087.webp,Navagraha - Celestial Forces
frame_0088.webp,Navagraha - Celestial Forces
frame_0089.webp,Navagraha - Celestial Forces
frame_0090.webp,Navagraha - Celestial Forces
frame_0091.webp,Navagraha - Celestial Forces
frame_0092.webp,Navagraha - Celestial Forces
frame_0093.webp,Navagraha - Celestial Forces
frame_0094.webp,Navagraha - Celestial Forces
frame_0095.webp,Navagraha - Celestial Forces
frame_0096.webp,Navagraha - Celestial Forces
frame_0097.webp,Navagraha - Celestial Forces
frame_0098.webp,Navagraha - Celestial Forces
frame_0099.webp,Navagraha - Celestial Forces
frame_0100.webp,Navagraha - Celestial Forces
frame_0101.webp,Navagraha - Celestial Transition
frame_0102.webp,Navagraha - Celestial Transition
frame_0103.webp,Navagraha - Celestial Transition
frame_0104.webp,Navagraha - Celestial Transition
frame_0105.webp,Navagraha - Celestial Transition
frame_0106.webp,Navagraha - Celestial Transition
frame_0107.webp,Navagraha - Celestial Transition
frame_0108.webp,Navagraha - Celestial Transition
frame_0109.webp,Navagraha - Celestial Transition
frame_0110.webp,Navagraha - Celestial Transition
frame_0111.webp,Navagraha - Celestial Transition
frame_0112.webp,Navagraha - Celestial Transition
frame_0113.webp,Navagraha - Celestial Transition
frame_0114.webp,Navagraha - Celestial Transition
frame_0115.webp,Navagraha - Celestial Transition
frame_0116.webp,Navagraha - Celestial Transition
frame_0117.webp,Navagraha - Celestial Transition
frame_0118.webp,Navagraha - Celestial Transition
frame_0119.webp,Navagraha - Celestial Transition
frame_0120.webp,Navagraha - Celestial Transition
frame_0121.webp,Earth and Panchamahabhuta
frame_0122.webp,Earth and Panchamahabhuta
frame_0123.webp,Earth and Panchamahabhuta
frame_0124.webp,Earth and Panchamahabhuta
frame_0125.webp,Earth and Panchamahabhuta
frame_0126.webp,Earth and Panchamahabhuta
frame_0127.webp,Earth and Panchamahabhuta
frame_0128.webp,Earth and Panchamahabhuta
frame_0129.webp,Earth and Panchamahabhuta
frame_0130.webp,Earth and Panchamahabhuta
frame_0131.webp,Earth and Panchamahabhuta
frame_0132.webp,Earth and Panchamahabhuta
frame_0133.webp,Earth and Panchamahabhuta
frame_0134.webp,Earth and Panchamahabhuta
frame_0135.webp,Earth and Panchamahabhuta
frame_0136.webp,Earth and Panchamahabhuta
frame_0137.webp,Earth and Panchamahabhuta
frame_0138.webp,Earth and Panchamahabhuta
frame_0139.webp,Earth and Panchamahabhuta
frame_0140.webp,Earth and Panchamahabhuta
frame_0141.webp,Panchamahabhuta - Water Fire Air Akasha
frame_0142.webp,Panchamahabhuta - Water Fire Air Akasha
frame_0143.webp,Panchamahabhuta - Water Fire Air Akasha
frame_0144.webp,Panchamahabhuta - Water Fire Air Akasha
frame_0145.webp,Panchamahabhuta - Water Fire Air Akasha
frame_0146.webp,Panchamahabhuta - Water Fire Air Akasha
frame_0147.webp,Panchamahabhuta - Water Fire Air Akasha
frame_0148.webp,Panchamahabhuta - Water Fire Air Akasha
frame_0149.webp,Panchamahabhuta - Water Fire Air Akasha
frame_0150.webp,Panchamahabhuta - Water Fire Air Akasha
frame_0151.webp,Panchamahabhuta - Water Fire Air Akasha
frame_0152.webp,Panchamahabhuta - Water Fire Air Akasha
frame_0153.webp,Panchamahabhuta - Water Fire Air Akasha
frame_0154.webp,Panchamahabhuta - Water Fire Air Akasha
frame_0155.webp,Panchamahabhuta - Water Fire Air Akasha
frame_0156.webp,Panchamahabhuta - Water Fire Air Akasha
frame_0157.webp,Panchamahabhuta - Water Fire Air Akasha
frame_0158.webp,Panchamahabhuta - Water Fire Air Akasha
frame_0159.webp,Panchamahabhuta - Water Fire Air Akasha
frame_0160.webp,Panchamahabhuta - Water Fire Air Akasha
frame_0161.webp,Vastu Purusha and Sacred Geometry
frame_0162.webp,Vastu Purusha and Sacred Geometry
frame_0163.webp,Vastu Purusha and Sacred Geometry
frame_0164.webp,Vastu Purusha and Sacred Geometry
frame_0165.webp,Vastu Purusha and Sacred Geometry
frame_0166.webp,Vastu Purusha and Sacred Geometry
frame_0167.webp,Vastu Purusha and Sacred Geometry
frame_0168.webp,Vastu Purusha and Sacred Geometry
frame_0169.webp,Vastu Purusha and Sacred Geometry
frame_0170.webp,Vastu Purusha and Sacred Geometry
frame_0171.webp,Vastu Purusha and Sacred Geometry
frame_0172.webp,Vastu Purusha and Sacred Geometry
frame_0173.webp,Vastu Purusha and Sacred Geometry
frame_0174.webp,Vastu Purusha and Sacred Geometry
frame_0175.webp,Vastu Purusha and Sacred Geometry
frame_0176.webp,Vastu Purusha and Sacred Geometry
frame_0177.webp,Vastu Purusha and Sacred Geometry
frame_0178.webp,Vastu Purusha and Sacred Geometry
frame_0179.webp,Vastu Purusha and Sacred Geometry
frame_0180.webp,Vastu Purusha and Sacred Geometry
frame_0181.webp,Mandala to Architecture
frame_0182.webp,Mandala to Architecture
frame_0183.webp,Mandala to Architecture
frame_0184.webp,Mandala to Architecture
frame_0185.webp,Mandala to Architecture
frame_0186.webp,Mandala to Architecture
frame_0187.webp,Mandala to Architecture
frame_0188.webp,Mandala to Architecture
frame_0189.webp,Mandala to Architecture
frame_0190.webp,Mandala to Architecture
frame_0191.webp,Mandala to Architecture
frame_0192.webp,Mandala to Architecture
frame_0193.webp,Mandala to Architecture
frame_0194.webp,Mandala to Architecture
frame_0195.webp,Mandala to Architecture
frame_0196.webp,Mandala to Architecture
frame_0197.webp,Mandala to Architecture
frame_0198.webp,Mandala to Architecture
frame_0199.webp,Mandala to Architecture
frame_0200.webp,Mandala to Architecture
frame_0201.webp,Vastu Vidyar and Harmonious Home
frame_0202.webp,Vastu Vidyar and Harmonious Home
frame_0203.webp,Vastu Vidyar and Harmonious Home
frame_0204.webp,Vastu Vidyar and Harmonious Home
frame_0205.webp,Vastu Vidyar and Harmonious Home
frame_0206.webp,Vastu Vidyar and Harmonious Home
frame_0207.webp,Vastu Vidyar and Harmonious Home
frame_0208.webp,Vastu Vidyar and Harmonious Home
frame_0209.webp,Vastu Vidyar and Harmonious Home
frame_0210.webp,Vastu Vidyar and Harmonious Home
frame_0211.webp,Vastu Vidyar and Harmonious Home
frame_0212.webp,Vastu Vidyar and Harmonious Home
frame_0213.webp,Vastu Vidyar and Harmonious Home
frame_0214.webp,Vastu Vidyar and Harmonious Home
frame_0215.webp,Vastu Vidyar and Harmonious Home
frame_0216.webp,Vastu Vidyar and Harmonious Home
frame_0217.webp,Vastu Vidyar and Harmonious Home
frame_0218.webp,Vastu Vidyar and Harmonious Home
frame_0219.webp,Vastu Vidyar and Harmonious Home
frame_0220.webp,Vastu Vidyar and Harmonious Home
frame_0221.webp,Home to India to Cosmos
frame_0222.webp,Home to India to Cosmos
frame_0223.webp,Home to India to Cosmos
frame_0224.webp,Home to India to Cosmos
frame_0225.webp,Home to India to Cosmos
frame_0226.webp,Home to India to Cosmos
frame_0227.webp,Home to India to Cosmos
frame_0228.webp,Home to India to Cosmos
frame_0229.webp,Home to India to Cosmos
frame_0230.webp,Home to India to Cosmos
frame_0231.webp,Home to India to Cosmos
frame_0232.webp,Home to India to Cosmos
frame_0233.webp,Home to India to Cosmos
frame_0234.webp,Home to India to Cosmos
frame_0235.webp,Home to India to Cosmos
frame_0236.webp,Cosmos to Home Return
frame_0237.webp,Cosmos to Home Return
frame_0238.webp,Cosmos to Home Return
frame_0239.webp,Cosmos to Home Return
frame_0240.webp,Final Brand Frame
